CREATE DATABASE  IF NOT EXISTS `p2_php` /*!40100 DEFAULT CHARACTER SET utf8mb4 COLLATE utf8mb4_0900_ai_ci */ /*!80016 DEFAULT ENCRYPTION='N' */;
USE `p2_php`;
-- MySQL dump 10.13  Distrib 8.0.34, for Win64 (x86_64)
--
-- Host: 127.0.0.1    Database: p2_php
-- ------------------------------------------------------
-- Server version	8.0.33

/*!40101 SET @OLD_CHARACTER_SET_CLIENT=@@CHARACTER_SET_CLIENT */;
/*!40101 SET @OLD_CHARACTER_SET_RESULTS=@@CHARACTER_SET_RESULTS */;
/*!40101 SET @OLD_COLLATION_CONNECTION=@@COLLATION_CONNECTION */;
/*!50503 SET NAMES utf8 */;
/*!40103 SET @OLD_TIME_ZONE=@@TIME_ZONE */;
/*!40103 SET TIME_ZONE='+00:00' */;
/*!40014 SET @OLD_UNIQUE_CHECKS=@@UNIQUE_CHECKS, UNIQUE_CHECKS=0 */;
/*!40014 SET @OLD_FOREIGN_KEY_CHECKS=@@FOREIGN_KEY_CHECKS, FOREIGN_KEY_CHECKS=0 */;
/*!40101 SET @OLD_SQL_MODE=@@SQL_MODE, SQL_MODE='NO_AUTO_VALUE_ON_ZERO' */;
/*!40111 SET @OLD_SQL_NOTES=@@SQL_NOTES, SQL_NOTES=0 */;

--
-- Table structure for table `compromissos`
--

DROP TABLE IF EXISTS `compromissos`;
/*!40101 SET @saved_cs_client     = @@character_set_client */;
/*!50503 SET character_set_client = utf8mb4 */;
CREATE TABLE `compromissos` (
  `id` int NOT NULL AUTO_INCREMENT,
  `nome` varchar(100) NOT NULL,
  `local` varchar(200) DEFAULT NULL,
  `data` date NOT NULL,
  `hora` time DEFAULT NULL,
  `created_at` timestamp NULL DEFAULT CURRENT_TIMESTAMP,
  `updated_at` timestamp NULL DEFAULT CURRENT_TIMESTAMP ON UPDATE CURRENT_TIMESTAMP,
  `user_id` int NOT NULL,
  PRIMARY KEY (`id`),
  KEY `user_id` (`user_id`),
  CONSTRAINT `compromissos_ibfk_1` FOREIGN KEY (`user_id`) REFERENCES `users` (`id`)
) ENGINE=InnoDB AUTO_INCREMENT=52 DEFAULT CHARSET=utf8mb4 COLLATE=utf8mb4_0900_ai_ci;
/*!40101 SET character_set_client = @saved_cs_client */;

--
-- Dumping data for table `compromissos`
--

LOCK TABLES `compromissos` WRITE;
/*!40000 ALTER TABLE `compromissos` DISABLE KEYS */;
INSERT INTO `compromissos` VALUES (20,'Algum compromisso 1','Em algum local 1','2023-11-16','17:00:00','2023-11-16 20:41:46','2023-11-16 20:41:46',6),(23,'Algum compromisso 4','Em algum local 4','2023-11-16','17:00:00','2023-11-16 20:41:46','2023-11-16 20:41:46',6),(26,'Algum compromisso 7','Em algum local 7','2023-11-16','17:00:00','2023-11-16 20:41:46','2023-11-16 20:41:46',6),(27,'Algum compromisso 8','Em algum local 8','2023-11-16','17:00:00','2023-11-16 20:41:46','2023-11-16 20:41:46',6),(28,'Algum compromisso 9','Em algum local 9','2023-11-16','17:00:00','2023-11-16 20:41:46','2023-11-16 20:41:46',6),(29,'Algum compromisso 10','Em algum local 10','2023-11-16','17:00:00','2023-11-16 20:41:46','2023-11-16 20:41:46',6),(30,'Algum compromisso 11','Em algum local 11','2023-11-16','17:00:00','2023-11-16 20:41:46','2023-11-16 20:41:46',6),(31,'Algum compromisso 12','Em algum local 12','2023-11-16','17:00:00','2023-11-16 20:41:46','2023-11-16 20:41:46',6),(32,'Algum compromisso 13','Em algum local 13','2023-11-16','17:00:00','2023-11-16 20:41:46','2023-11-16 20:41:46',6),(33,'Algum compromisso 14','Em algum local 14','2023-11-16','17:00:00','2023-11-16 20:41:46','2023-11-16 20:41:46',6),(34,'Algum compromisso 15','Em algum local 15','2023-11-16','17:00:00','2023-11-16 20:41:46','2023-11-16 20:41:46',6),(35,'Algum compromisso 16','Em algum local 16','2023-11-16','17:00:00','2023-11-16 20:41:46','2023-11-16 20:41:46',6),(36,'Algum compromisso 17','Em algum local 17','2023-11-16','17:00:00','2023-11-16 20:41:46','2023-11-16 20:41:46',6),(37,'Algum compromisso 18','Fatec pp','2023-11-16','17:00:00','2023-11-16 20:41:46','2023-11-19 22:42:53',6),(38,'Algum compromisso 19','Em algum local 19','2023-11-16','17:00:00','2023-11-16 20:41:46','2023-11-16 20:41:46',6),(39,'Algum compromisso 20','Em algum local 20','2023-11-16','17:00:00','2023-11-16 20:41:46','2023-11-16 20:41:46',6),(40,'Algum compromisso 21','Em algum local 21','2023-11-16','17:00:00','2023-11-16 20:41:46','2023-11-16 20:41:46',6),(41,'Algum compromisso 22','Em algum local 22','2023-11-16','17:00:00','2023-11-16 20:41:46','2023-11-16 20:41:46',6),(42,'Algum compromisso 23','Em algum local 23','2023-11-16','17:00:00','2023-11-16 20:41:46','2023-11-16 20:41:46',6),(43,'Algum compromisso 24','Em algum local 24','2023-11-16','17:00:00','2023-11-16 20:41:46','2023-11-16 20:41:46',6),(44,'Algum compromisso 25','Em algum local 25','2023-11-16','17:00:00','2023-11-16 20:41:46','2023-11-16 20:41:46',6),(45,'Algum compromisso 26','Em algum local 26','2023-11-16','17:00:00','2023-11-16 20:41:46','2023-11-16 20:41:46',6),(46,'Algum compromisso 27','Em algum local 27','2023-11-16','17:00:00','2023-11-16 20:41:46','2023-11-16 20:41:46',6),(47,'Algum compromisso 28','Em algum local 28','2023-11-16','17:00:00','2023-11-16 20:41:46','2023-11-16 20:41:46',6),(48,'Algum compromisso 29','Em algum local 29','2023-11-16','17:00:00','2023-11-16 20:41:46','2023-11-16 20:41:46',6);
/*!40000 ALTER TABLE `compromissos` ENABLE KEYS */;
UNLOCK TABLES;

--
-- Table structure for table `itens`
--

DROP TABLE IF EXISTS `itens`;
/*!40101 SET @saved_cs_client     = @@character_set_client */;
/*!50503 SET character_set_client = utf8mb4 */;
CREATE TABLE `itens` (
  `id` int NOT NULL AUTO_INCREMENT,
  `nome` varchar(300) COLLATE utf8mb4_general_ci NOT NULL,
  `status` tinyint(1) NOT NULL DEFAULT '0',
  `lista_id` int NOT NULL,
  `created_at` timestamp NULL DEFAULT CURRENT_TIMESTAMP,
  `updated_at` timestamp NULL DEFAULT CURRENT_TIMESTAMP ON UPDATE CURRENT_TIMESTAMP,
  PRIMARY KEY (`id`),
  KEY `lista_id` (`lista_id`),
  CONSTRAINT `itens_ibfk_1` FOREIGN KEY (`lista_id`) REFERENCES `listas` (`id`)
) ENGINE=InnoDB AUTO_INCREMENT=559 DEFAULT CHARSET=utf8mb4 COLLATE=utf8mb4_general_ci;
/*!40101 SET character_set_client = @saved_cs_client */;

--
-- Dumping data for table `itens`
--

LOCK TABLES `itens` WRITE;
/*!40000 ALTER TABLE `itens` DISABLE KEYS */;
INSERT INTO `itens` VALUES (57,'Algum item 1',1,17,'2023-11-16 20:34:01','2023-11-16 22:16:16'),(58,'Algum item 2',1,17,'2023-11-16 20:34:01','2023-11-16 22:39:56'),(59,'Algum item 3',1,17,'2023-11-16 20:34:01','2023-11-16 22:16:18'),(60,'Algum item 4',0,17,'2023-11-16 20:34:01','2023-11-16 22:40:09'),(61,'Algum item 5',1,17,'2023-11-16 20:34:01','2023-11-16 22:16:19'),(62,'Algum item 6',0,17,'2023-11-16 20:34:01','2023-11-16 22:40:09'),(63,'Algum item 7',1,17,'2023-11-16 20:34:01','2023-11-16 22:40:00'),(64,'Algum item 8',0,17,'2023-11-16 20:34:01','2023-11-16 22:40:09'),(65,'Algum item 9',0,17,'2023-11-16 20:34:01','2023-11-16 22:40:09'),(66,'Algum item 10',0,17,'2023-11-16 20:34:01','2023-11-16 22:40:08'),(67,'Algum item 11',0,17,'2023-11-16 20:34:01','2023-11-16 22:40:08'),(68,'Algum item 12',0,17,'2023-11-16 20:34:01','2023-11-16 22:40:08'),(74,'Algum item 18',0,17,'2023-11-16 20:34:01','2023-11-16 20:34:01'),(75,'Algum item 19',0,17,'2023-11-16 20:34:01','2023-11-16 20:34:01'),(76,'Algum item 20',0,17,'2023-11-16 20:34:01','2023-11-16 20:34:01'),(77,'Algum item 21',0,17,'2023-11-16 20:34:01','2023-11-16 20:34:01'),(78,'Algum item 22',0,17,'2023-11-16 20:34:01','2023-11-16 20:34:01'),(79,'Algum item 23',0,17,'2023-11-16 20:34:01','2023-11-16 20:34:01'),(80,'Algum item 24',0,17,'2023-11-16 20:34:01','2023-11-16 20:34:01'),(177,'Algum item 1',1,22,'2023-11-16 20:34:01','2023-11-19 22:41:40'),(178,'Algum item 2',1,22,'2023-11-16 20:34:01','2023-11-19 22:41:40'),(179,'Algum item 3',1,22,'2023-11-16 20:34:01','2023-11-19 22:41:40'),(180,'Algum item 4',0,22,'2023-11-16 20:34:01','2023-11-19 22:41:44'),(181,'Algum item 5',0,22,'2023-11-16 20:34:01','2023-11-19 22:41:44'),(182,'Algum item 6',1,22,'2023-11-16 20:34:01','2023-11-19 22:41:41'),(184,'Algum item 8',0,22,'2023-11-16 20:34:01','2023-11-16 20:34:01'),(185,'Algum item 9',0,22,'2023-11-16 20:34:01','2023-11-16 20:34:01'),(186,'Algum item 10',0,22,'2023-11-16 20:34:01','2023-11-16 20:34:01'),(187,'Algum item 11',0,22,'2023-11-16 20:34:01','2023-11-16 20:34:01'),(188,'Algum item 12',0,22,'2023-11-16 20:34:01','2023-11-16 20:34:01'),(189,'Algum item 13',0,22,'2023-11-16 20:34:01','2023-11-16 20:34:01'),(190,'Algum item 14',0,22,'2023-11-16 20:34:01','2023-11-16 20:34:01'),(191,'Algum item 15',0,22,'2023-11-16 20:34:01','2023-11-16 20:34:01'),(192,'Algum item 16',0,22,'2023-11-16 20:34:01','2023-11-16 20:34:01'),(193,'Algum item 17',0,22,'2023-11-16 20:34:01','2023-11-16 20:34:01'),(194,'Algum item 18',0,22,'2023-11-16 20:34:01','2023-11-16 20:34:01'),(195,'Algum item 19',0,22,'2023-11-16 20:34:01','2023-11-16 20:34:01'),(196,'Algum item 20',0,22,'2023-11-16 20:34:01','2023-11-16 20:34:01'),(197,'Algum item 21',0,22,'2023-11-16 20:34:01','2023-11-16 20:34:01'),(198,'Algum item 22',0,22,'2023-11-16 20:34:01','2023-11-16 20:34:01'),(199,'Algum item 23',0,22,'2023-11-16 20:34:01','2023-11-16 20:34:01'),(200,'Algum item 24',0,22,'2023-11-16 20:34:01','2023-11-16 20:34:01'),(225,'Algum item 1',0,24,'2023-11-16 20:34:01','2023-11-16 20:34:01'),(226,'Algum item 2',1,24,'2023-11-16 20:34:01','2023-11-19 22:43:34'),(227,'Algum item 3',1,24,'2023-11-16 20:34:01','2023-11-19 22:43:34'),(228,'Algum item 4',1,24,'2023-11-16 20:34:01','2023-11-19 22:43:34'),(229,'Algum item 5',1,24,'2023-11-16 20:34:01','2023-11-19 22:43:35'),(230,'Algum item 6',1,24,'2023-11-16 20:34:01','2023-11-19 22:43:35'),(231,'Algum item 7',1,24,'2023-11-16 20:34:01','2023-11-19 22:43:35'),(232,'Algum item 8',1,24,'2023-11-16 20:34:01','2023-11-19 22:43:35'),(233,'Algum item 9',1,24,'2023-11-16 20:34:01','2023-11-19 22:43:35'),(234,'Algum item 10',1,24,'2023-11-16 20:34:01','2023-11-19 22:43:35'),(235,'Algum item 11',0,24,'2023-11-16 20:34:01','2023-11-16 20:34:01'),(236,'Algum item 12',0,24,'2023-11-16 20:34:01','2023-11-16 20:34:01'),(237,'Algum item 13',0,24,'2023-11-16 20:34:01','2023-11-16 20:34:01'),(238,'Algum item 14',0,24,'2023-11-16 20:34:01','2023-11-16 20:34:01'),(239,'Algum item 15',0,24,'2023-11-16 20:34:01','2023-11-16 20:34:01'),(240,'Algum item 16',0,24,'2023-11-16 20:34:01','2023-11-16 20:34:01'),(241,'Algum item 17',0,24,'2023-11-16 20:34:01','2023-11-16 20:34:01'),(242,'Algum item 18',0,24,'2023-11-16 20:34:01','2023-11-16 20:34:01'),(243,'Algum item 19',0,24,'2023-11-16 20:34:01','2023-11-16 20:34:01'),(244,'Algum item 20',0,24,'2023-11-16 20:34:01','2023-11-16 20:34:01'),(245,'Algum item 21',0,24,'2023-11-16 20:34:01','2023-11-16 20:34:01'),(246,'Algum item 22',0,24,'2023-11-16 20:34:01','2023-11-16 20:34:01'),(247,'Algum item 23',0,24,'2023-11-16 20:34:01','2023-11-16 20:34:01'),(248,'Algum item 24',0,24,'2023-11-16 20:34:01','2023-11-16 20:34:01'),(249,'Algum item 1',0,25,'2023-11-16 20:34:01','2023-11-16 20:34:01'),(250,'Algum item 2',0,25,'2023-11-16 20:34:01','2023-11-16 20:34:01'),(251,'Algum item 3',0,25,'2023-11-16 20:34:01','2023-11-16 20:34:01'),(252,'Algum item 4',0,25,'2023-11-16 20:34:01','2023-11-16 20:34:01'),(253,'Algum item 5',0,25,'2023-11-16 20:34:01','2023-11-16 20:34:01'),(254,'Algum item 6',0,25,'2023-11-16 20:34:01','2023-11-16 20:34:01'),(255,'Algum item 7',0,25,'2023-11-16 20:34:01','2023-11-16 20:34:01'),(256,'Algum item 8',0,25,'2023-11-16 20:34:01','2023-11-16 20:34:01'),(257,'Algum item 9',0,25,'2023-11-16 20:34:01','2023-11-16 20:34:01'),(258,'Algum item 10',0,25,'2023-11-16 20:34:01','2023-11-16 20:34:01'),(259,'Algum item 11',0,25,'2023-11-16 20:34:01','2023-11-16 20:34:01'),(260,'Algum item 12',0,25,'2023-11-16 20:34:01','2023-11-16 20:34:01'),(261,'Algum item 13',0,25,'2023-11-16 20:34:01','2023-11-16 20:34:01'),(262,'Algum item 14',0,25,'2023-11-16 20:34:01','2023-11-16 20:34:01'),(263,'Algum item 15',0,25,'2023-11-16 20:34:01','2023-11-16 20:34:01'),(264,'Algum item 16',0,25,'2023-11-16 20:34:01','2023-11-16 20:34:01'),(265,'Algum item 17',0,25,'2023-11-16 20:34:01','2023-11-16 20:34:01'),(266,'Algum item 18',0,25,'2023-11-16 20:34:01','2023-11-16 20:34:01'),(267,'Algum item 19',0,25,'2023-11-16 20:34:01','2023-11-16 20:34:01'),(268,'Algum item 20',0,25,'2023-11-16 20:34:01','2023-11-16 20:34:01'),(269,'Algum item 21',0,25,'2023-11-16 20:34:01','2023-11-16 20:34:01'),(270,'Algum item 22',0,25,'2023-11-16 20:34:01','2023-11-16 20:34:01'),(271,'Algum item 23',0,25,'2023-11-16 20:34:01','2023-11-16 20:34:01'),(272,'Algum item 24',0,25,'2023-11-16 20:34:01','2023-11-16 20:34:01'),(273,'Algum item 1',0,26,'2023-11-16 20:34:01','2023-11-16 20:34:01'),(274,'Algum item 2',0,26,'2023-11-16 20:34:01','2023-11-16 20:34:01'),(275,'Algum item 3',0,26,'2023-11-16 20:34:01','2023-11-16 20:34:01'),(276,'Algum item 4',0,26,'2023-11-16 20:34:01','2023-11-16 20:34:01'),(277,'Algum item 5',0,26,'2023-11-16 20:34:01','2023-11-16 20:34:01'),(278,'Algum item 6',0,26,'2023-11-16 20:34:01','2023-11-16 20:34:01'),(279,'Algum item 7',0,26,'2023-11-16 20:34:01','2023-11-16 20:34:01'),(280,'Algum item 8',0,26,'2023-11-16 20:34:01','2023-11-16 20:34:01'),(281,'Algum item 9',0,26,'2023-11-16 20:34:01','2023-11-16 20:34:01'),(282,'Algum item 10',0,26,'2023-11-16 20:34:01','2023-11-16 20:34:01'),(283,'Algum item 11',0,26,'2023-11-16 20:34:01','2023-11-16 20:34:01'),(284,'Algum item 12',0,26,'2023-11-16 20:34:01','2023-11-16 20:34:01'),(285,'Algum item 13',0,26,'2023-11-16 20:34:01','2023-11-16 20:34:01'),(286,'Algum item 14',0,26,'2023-11-16 20:34:01','2023-11-16 20:34:01'),(287,'Algum item 15',0,26,'2023-11-16 20:34:01','2023-11-16 20:34:01'),(288,'Algum item 16',0,26,'2023-11-16 20:34:01','2023-11-16 20:34:01'),(289,'Algum item 17',0,26,'2023-11-16 20:34:01','2023-11-16 20:34:01'),(290,'Algum item 18',0,26,'2023-11-16 20:34:01','2023-11-16 20:34:01'),(291,'Algum item 19',0,26,'2023-11-16 20:34:01','2023-11-16 20:34:01'),(292,'Algum item 20',0,26,'2023-11-16 20:34:01','2023-11-16 20:34:01'),(293,'Algum item 21',0,26,'2023-11-16 20:34:01','2023-11-16 20:34:01'),(294,'Algum item 22',0,26,'2023-11-16 20:34:01','2023-11-16 20:34:01'),(295,'Algum item 23',0,26,'2023-11-16 20:34:01','2023-11-16 20:34:01'),(296,'Algum item 24',0,26,'2023-11-16 20:34:01','2023-11-16 20:34:01'),(297,'Algum item 1',0,27,'2023-11-16 20:34:01','2023-11-16 20:34:01'),(298,'Algum item 2',0,27,'2023-11-16 20:34:01','2023-11-16 20:34:01'),(299,'Algum item 3',0,27,'2023-11-16 20:34:01','2023-11-16 20:34:01'),(300,'Algum item 4',0,27,'2023-11-16 20:34:01','2023-11-16 20:34:01'),(301,'Algum item 5',0,27,'2023-11-16 20:34:01','2023-11-16 20:34:01'),(302,'Algum item 6',0,27,'2023-11-16 20:34:01','2023-11-16 20:34:01'),(303,'Algum item 7',0,27,'2023-11-16 20:34:01','2023-11-16 20:34:01'),(304,'Algum item 8',0,27,'2023-11-16 20:34:01','2023-11-16 20:34:01'),(305,'Algum item 9',0,27,'2023-11-16 20:34:01','2023-11-16 20:34:01'),(306,'Algum item 10',0,27,'2023-11-16 20:34:01','2023-11-16 20:34:01'),(307,'Algum item 11',0,27,'2023-11-16 20:34:01','2023-11-16 20:34:01'),(308,'Algum item 12',0,27,'2023-11-16 20:34:01','2023-11-16 20:34:01'),(309,'Algum item 13',0,27,'2023-11-16 20:34:01','2023-11-16 20:34:01'),(310,'Algum item 14',0,27,'2023-11-16 20:34:01','2023-11-16 20:34:01'),(311,'Algum item 15',0,27,'2023-11-16 20:34:01','2023-11-16 20:34:01'),(312,'Algum item 16',0,27,'2023-11-16 20:34:01','2023-11-16 20:34:01'),(313,'Algum item 17',0,27,'2023-11-16 20:34:01','2023-11-16 20:34:01'),(314,'Algum item 18',0,27,'2023-11-16 20:34:01','2023-11-16 20:34:01'),(315,'Algum item 19',0,27,'2023-11-16 20:34:01','2023-11-16 20:34:01'),(316,'Algum item 20',0,27,'2023-11-16 20:34:01','2023-11-16 20:34:01'),(317,'Algum item 21',0,27,'2023-11-16 20:34:01','2023-11-16 20:34:01'),(318,'Algum item 22',0,27,'2023-11-16 20:34:01','2023-11-16 20:34:01'),(319,'Algum item 23',0,27,'2023-11-16 20:34:01','2023-11-16 20:34:01'),(320,'Algum item 24',0,27,'2023-11-16 20:34:01','2023-11-16 20:34:01'),(321,'Algum item 1',0,28,'2023-11-16 20:34:01','2023-11-16 20:34:01'),(322,'Algum item 2',0,28,'2023-11-16 20:34:01','2023-11-16 20:34:01'),(323,'Algum item 3',0,28,'2023-11-16 20:34:01','2023-11-16 20:34:01'),(324,'Algum item 4',0,28,'2023-11-16 20:34:01','2023-11-16 20:34:01'),(325,'Algum item 5',0,28,'2023-11-16 20:34:01','2023-11-16 20:34:01'),(326,'Algum item 6',0,28,'2023-11-16 20:34:01','2023-11-16 20:34:01'),(327,'Algum item 7',0,28,'2023-11-16 20:34:01','2023-11-16 20:34:01'),(328,'Algum item 8',0,28,'2023-11-16 20:34:01','2023-11-16 20:34:01'),(329,'Algum item 9',0,28,'2023-11-16 20:34:01','2023-11-16 20:34:01'),(330,'Algum item 10',0,28,'2023-11-16 20:34:01','2023-11-16 20:34:01'),(331,'Algum item 11',0,28,'2023-11-16 20:34:01','2023-11-16 20:34:01'),(332,'Algum item 12',0,28,'2023-11-16 20:34:01','2023-11-16 20:34:01'),(333,'Algum item 13',0,28,'2023-11-16 20:34:01','2023-11-16 20:34:01'),(334,'Algum item 14',0,28,'2023-11-16 20:34:01','2023-11-16 20:34:01'),(335,'Algum item 15',0,28,'2023-11-16 20:34:01','2023-11-16 20:34:01'),(336,'Algum item 16',0,28,'2023-11-16 20:34:01','2023-11-16 20:34:01'),(337,'Algum item 17',0,28,'2023-11-16 20:34:01','2023-11-16 20:34:01'),(338,'Algum item 18',0,28,'2023-11-16 20:34:01','2023-11-16 20:34:01'),(339,'Algum item 19',0,28,'2023-11-16 20:34:01','2023-11-16 20:34:01'),(340,'Algum item 20',0,28,'2023-11-16 20:34:01','2023-11-16 20:34:01'),(341,'Algum item 21',0,28,'2023-11-16 20:34:01','2023-11-16 20:34:01'),(342,'Algum item 22',0,28,'2023-11-16 20:34:01','2023-11-16 20:34:01'),(343,'Algum item 23',0,28,'2023-11-16 20:34:01','2023-11-16 20:34:01'),(344,'Algum item 24',0,28,'2023-11-16 20:34:01','2023-11-16 20:34:01'),(345,'Algum item 1',0,29,'2023-11-16 20:34:01','2023-11-16 20:34:01'),(346,'Algum item 2',0,29,'2023-11-16 20:34:01','2023-11-16 20:34:01'),(347,'Algum item 3',0,29,'2023-11-16 20:34:01','2023-11-16 20:34:01'),(348,'Algum item 4',0,29,'2023-11-16 20:34:01','2023-11-16 20:34:01'),(349,'Algum item 5',0,29,'2023-11-16 20:34:01','2023-11-16 20:34:01'),(350,'Algum item 6',0,29,'2023-11-16 20:34:01','2023-11-16 20:34:01'),(351,'Algum item 7',0,29,'2023-11-16 20:34:01','2023-11-16 20:34:01'),(352,'Algum item 8',0,29,'2023-11-16 20:34:01','2023-11-16 20:34:01'),(353,'Algum item 9',0,29,'2023-11-16 20:34:01','2023-11-16 20:34:01'),(354,'Algum item 10',0,29,'2023-11-16 20:34:01','2023-11-16 20:34:01'),(355,'Algum item 11',0,29,'2023-11-16 20:34:01','2023-11-16 20:34:01'),(356,'Algum item 12',0,29,'2023-11-16 20:34:01','2023-11-16 20:34:01'),(357,'Algum item 13',0,29,'2023-11-16 20:34:01','2023-11-16 20:34:01'),(358,'Algum item 14',0,29,'2023-11-16 20:34:01','2023-11-16 20:34:01'),(359,'Algum item 15',0,29,'2023-11-16 20:34:01','2023-11-16 20:34:01'),(360,'Algum item 16',0,29,'2023-11-16 20:34:01','2023-11-16 20:34:01'),(361,'Algum item 17',0,29,'2023-11-16 20:34:01','2023-11-16 20:34:01'),(362,'Algum item 18',0,29,'2023-11-16 20:34:01','2023-11-16 20:34:01'),(363,'Algum item 19',0,29,'2023-11-16 20:34:01','2023-11-16 20:34:01'),(364,'Algum item 20',0,29,'2023-11-16 20:34:01','2023-11-16 20:34:01'),(365,'Algum item 21',0,29,'2023-11-16 20:34:01','2023-11-16 20:34:01'),(366,'Algum item 22',0,29,'2023-11-16 20:34:01','2023-11-16 20:34:01'),(367,'Algum item 23',0,29,'2023-11-16 20:34:01','2023-11-16 20:34:01'),(368,'Algum item 24',0,29,'2023-11-16 20:34:01','2023-11-16 20:34:01'),(369,'Algum item 1',0,30,'2023-11-16 20:34:01','2023-11-16 20:34:01'),(370,'Algum item 2',0,30,'2023-11-16 20:34:01','2023-11-16 20:34:01'),(371,'Algum item 3',0,30,'2023-11-16 20:34:01','2023-11-16 20:34:01'),(372,'Algum item 4',0,30,'2023-11-16 20:34:01','2023-11-16 20:34:01'),(373,'Algum item 5',0,30,'2023-11-16 20:34:01','2023-11-16 20:34:01'),(374,'Algum item 6',0,30,'2023-11-16 20:34:01','2023-11-16 20:34:01'),(375,'Algum item 7',0,30,'2023-11-16 20:34:01','2023-11-16 20:34:01'),(376,'Algum item 8',0,30,'2023-11-16 20:34:01','2023-11-16 20:34:01'),(377,'Algum item 9',0,30,'2023-11-16 20:34:01','2023-11-16 20:34:01'),(378,'Algum item 10',0,30,'2023-11-16 20:34:01','2023-11-16 20:34:01'),(379,'Algum item 11',0,30,'2023-11-16 20:34:01','2023-11-16 20:34:01'),(380,'Algum item 12',0,30,'2023-11-16 20:34:01','2023-11-16 20:34:01'),(381,'Algum item 13',0,30,'2023-11-16 20:34:01','2023-11-16 20:34:01'),(382,'Algum item 14',0,30,'2023-11-16 20:34:01','2023-11-16 20:34:01'),(383,'Algum item 15',0,30,'2023-11-16 20:34:01','2023-11-16 20:34:01'),(384,'Algum item 16',0,30,'2023-11-16 20:34:01','2023-11-16 20:34:01'),(385,'Algum item 17',0,30,'2023-11-16 20:34:01','2023-11-16 20:34:01'),(386,'Algum item 18',0,30,'2023-11-16 20:34:01','2023-11-16 20:34:01'),(387,'Algum item 19',0,30,'2023-11-16 20:34:01','2023-11-16 20:34:01'),(388,'Algum item 20',0,30,'2023-11-16 20:34:01','2023-11-16 20:34:01'),(389,'Algum item 21',0,30,'2023-11-16 20:34:01','2023-11-16 20:34:01'),(390,'Algum item 22',0,30,'2023-11-16 20:34:01','2023-11-16 20:34:01'),(391,'Algum item 23',0,30,'2023-11-16 20:34:01','2023-11-16 20:34:01'),(392,'Algum item 24',0,30,'2023-11-16 20:34:01','2023-11-16 20:34:01'),(393,'Algum item 1',0,31,'2023-11-16 20:34:01','2023-11-16 20:34:01'),(394,'Algum item 2',0,31,'2023-11-16 20:34:01','2023-11-16 20:34:01'),(395,'Algum item 3',0,31,'2023-11-16 20:34:01','2023-11-16 20:34:01'),(396,'Algum item 4',0,31,'2023-11-16 20:34:01','2023-11-16 20:34:01'),(397,'Algum item 5',0,31,'2023-11-16 20:34:01','2023-11-16 20:34:01'),(398,'Algum item 6',0,31,'2023-11-16 20:34:01','2023-11-16 20:34:01'),(399,'Algum item 7',0,31,'2023-11-16 20:34:01','2023-11-16 20:34:01'),(400,'Algum item 8',0,31,'2023-11-16 20:34:01','2023-11-16 20:34:01'),(401,'Algum item 9',0,31,'2023-11-16 20:34:01','2023-11-16 20:34:01'),(402,'Algum item 10',0,31,'2023-11-16 20:34:01','2023-11-16 20:34:01'),(403,'Algum item 11',0,31,'2023-11-16 20:34:01','2023-11-16 20:34:01'),(404,'Algum item 12',0,31,'2023-11-16 20:34:01','2023-11-16 20:34:01'),(405,'Algum item 13',0,31,'2023-11-16 20:34:01','2023-11-16 20:34:01'),(406,'Algum item 14',0,31,'2023-11-16 20:34:01','2023-11-16 20:34:01'),(407,'Algum item 15',0,31,'2023-11-16 20:34:01','2023-11-16 20:34:01'),(408,'Algum item 16',0,31,'2023-11-16 20:34:01','2023-11-16 20:34:01'),(409,'Algum item 17',0,31,'2023-11-16 20:34:01','2023-11-16 20:34:01'),(410,'Algum item 18',0,31,'2023-11-16 20:34:01','2023-11-16 20:34:01'),(411,'Algum item 19',0,31,'2023-11-16 20:34:01','2023-11-16 20:34:01'),(412,'Algum item 20',0,31,'2023-11-16 20:34:01','2023-11-16 20:34:01'),(413,'Algum item 21',0,31,'2023-11-16 20:34:01','2023-11-16 20:34:01'),(414,'Algum item 22',0,31,'2023-11-16 20:34:01','2023-11-16 20:34:01'),(415,'Algum item 23',0,31,'2023-11-16 20:34:01','2023-11-16 20:34:01'),(416,'Algum item 24',0,31,'2023-11-16 20:34:01','2023-11-16 20:34:01'),(417,'Algum item 1',0,32,'2023-11-16 20:34:01','2023-11-16 20:34:01'),(418,'Algum item 2',0,32,'2023-11-16 20:34:01','2023-11-16 20:34:01'),(419,'Algum item 3',0,32,'2023-11-16 20:34:01','2023-11-16 20:34:01'),(420,'Algum item 4',0,32,'2023-11-16 20:34:01','2023-11-16 20:34:01'),(421,'Algum item 5',0,32,'2023-11-16 20:34:01','2023-11-16 20:34:01'),(422,'Algum item 6',0,32,'2023-11-16 20:34:01','2023-11-16 20:34:01'),(423,'Algum item 7',0,32,'2023-11-16 20:34:01','2023-11-16 20:34:01'),(424,'Algum item 8',0,32,'2023-11-16 20:34:01','2023-11-16 20:34:01'),(425,'Algum item 9',0,32,'2023-11-16 20:34:01','2023-11-16 20:34:01'),(426,'Algum item 10',0,32,'2023-11-16 20:34:01','2023-11-16 20:34:01'),(427,'Algum item 11',0,32,'2023-11-16 20:34:01','2023-11-16 20:34:01'),(428,'Algum item 12',0,32,'2023-11-16 20:34:01','2023-11-16 20:34:01'),(429,'Algum item 13',0,32,'2023-11-16 20:34:01','2023-11-16 20:34:01'),(430,'Algum item 14',0,32,'2023-11-16 20:34:01','2023-11-16 20:34:01'),(431,'Algum item 15',0,32,'2023-11-16 20:34:01','2023-11-16 20:34:01'),(432,'Algum item 16',0,32,'2023-11-16 20:34:01','2023-11-16 20:34:01'),(433,'Algum item 17',0,32,'2023-11-16 20:34:01','2023-11-16 20:34:01'),(434,'Algum item 18',0,32,'2023-11-16 20:34:01','2023-11-16 20:34:01'),(435,'Algum item 19',0,32,'2023-11-16 20:34:01','2023-11-16 20:34:01'),(436,'Algum item 20',0,32,'2023-11-16 20:34:01','2023-11-16 20:34:01'),(437,'Algum item 21',0,32,'2023-11-16 20:34:01','2023-11-16 20:34:01'),(438,'Algum item 22',0,32,'2023-11-16 20:34:01','2023-11-16 20:34:01'),(439,'Algum item 23',0,32,'2023-11-16 20:34:01','2023-11-16 20:34:01'),(440,'Algum item 24',0,32,'2023-11-16 20:34:01','2023-11-16 20:34:01'),(441,'Algum item 1',0,33,'2023-11-16 20:34:01','2023-11-16 20:34:01'),(442,'Algum item 2',0,33,'2023-11-16 20:34:01','2023-11-16 20:34:01'),(443,'Algum item 3',0,33,'2023-11-16 20:34:01','2023-11-16 20:34:01'),(444,'Algum item 4',0,33,'2023-11-16 20:34:01','2023-11-16 20:34:01'),(445,'Algum item 5',0,33,'2023-11-16 20:34:01','2023-11-16 20:34:01'),(446,'Algum item 6',0,33,'2023-11-16 20:34:01','2023-11-16 20:34:01'),(447,'Algum item 7',0,33,'2023-11-16 20:34:01','2023-11-16 20:34:01'),(448,'Algum item 8',0,33,'2023-11-16 20:34:01','2023-11-16 20:34:01'),(449,'Algum item 9',0,33,'2023-11-16 20:34:01','2023-11-16 20:34:01'),(450,'Algum item 10',0,33,'2023-11-16 20:34:01','2023-11-16 20:34:01'),(451,'Algum item 11',0,33,'2023-11-16 20:34:01','2023-11-16 20:34:01'),(452,'Algum item 12',0,33,'2023-11-16 20:34:01','2023-11-16 20:34:01'),(453,'Algum item 13',0,33,'2023-11-16 20:34:01','2023-11-16 20:34:01'),(454,'Algum item 14',0,33,'2023-11-16 20:34:01','2023-11-16 20:34:01'),(455,'Algum item 15',0,33,'2023-11-16 20:34:01','2023-11-16 20:34:01'),(456,'Algum item 16',0,33,'2023-11-16 20:34:01','2023-11-16 20:34:01'),(457,'Algum item 17',0,33,'2023-11-16 20:34:01','2023-11-16 20:34:01'),(458,'Algum item 18',0,33,'2023-11-16 20:34:01','2023-11-16 20:34:01'),(459,'Algum item 19',0,33,'2023-11-16 20:34:01','2023-11-16 20:34:01'),(460,'Algum item 20',0,33,'2023-11-16 20:34:01','2023-11-16 20:34:01'),(461,'Algum item 21',0,33,'2023-11-16 20:34:01','2023-11-16 20:34:01'),(462,'Algum item 22',0,33,'2023-11-16 20:34:01','2023-11-16 20:34:01'),(463,'Algum item 23',0,33,'2023-11-16 20:34:01','2023-11-16 20:34:01'),(464,'Algum item 24',0,33,'2023-11-16 20:34:01','2023-11-16 20:34:01'),(465,'Algum item 1',0,34,'2023-11-16 20:34:01','2023-11-16 20:34:01'),(466,'Algum item 2',0,34,'2023-11-16 20:34:01','2023-11-16 20:34:01'),(467,'Algum item 3',0,34,'2023-11-16 20:34:01','2023-11-16 20:34:01'),(468,'Algum item 4',0,34,'2023-11-16 20:34:01','2023-11-16 20:34:01'),(469,'Algum item 5',0,34,'2023-11-16 20:34:01','2023-11-16 20:34:01'),(470,'Algum item 6',0,34,'2023-11-16 20:34:01','2023-11-16 20:34:01'),(471,'Algum item 7',0,34,'2023-11-16 20:34:01','2023-11-16 20:34:01'),(472,'Algum item 8',0,34,'2023-11-16 20:34:01','2023-11-16 20:34:01'),(473,'Algum item 9',0,34,'2023-11-16 20:34:01','2023-11-16 20:34:01'),(474,'Algum item 10',0,34,'2023-11-16 20:34:01','2023-11-16 20:34:01'),(475,'Algum item 11',0,34,'2023-11-16 20:34:01','2023-11-16 20:34:01'),(476,'Algum item 12',0,34,'2023-11-16 20:34:01','2023-11-16 20:34:01'),(477,'Algum item 13',0,34,'2023-11-16 20:34:01','2023-11-16 20:34:01'),(478,'Algum item 14',0,34,'2023-11-16 20:34:01','2023-11-16 20:34:01'),(479,'Algum item 15',0,34,'2023-11-16 20:34:01','2023-11-16 20:34:01'),(480,'Algum item 16',0,34,'2023-11-16 20:34:01','2023-11-16 20:34:01'),(481,'Algum item 17',0,34,'2023-11-16 20:34:01','2023-11-16 20:34:01'),(482,'Algum item 18',0,34,'2023-11-16 20:34:01','2023-11-16 20:34:01'),(483,'Algum item 19',0,34,'2023-11-16 20:34:01','2023-11-16 20:34:01'),(484,'Algum item 20',0,34,'2023-11-16 20:34:01','2023-11-16 20:34:01'),(485,'Algum item 21',0,34,'2023-11-16 20:34:01','2023-11-16 20:34:01'),(486,'Algum item 22',0,34,'2023-11-16 20:34:01','2023-11-16 20:34:01'),(487,'Algum item 23',0,34,'2023-11-16 20:34:01','2023-11-16 20:34:01'),(488,'Algum item 24',0,34,'2023-11-16 20:34:01','2023-11-16 20:34:01'),(489,'Algum item 1',0,35,'2023-11-16 20:34:01','2023-11-16 20:34:01'),(490,'Algum item 2',0,35,'2023-11-16 20:34:01','2023-11-16 20:34:01'),(491,'Algum item 3',0,35,'2023-11-16 20:34:01','2023-11-16 20:34:01'),(492,'Algum item 4',0,35,'2023-11-16 20:34:01','2023-11-16 20:34:01'),(493,'Algum item 5',0,35,'2023-11-16 20:34:01','2023-11-16 20:34:01'),(494,'Algum item 6',0,35,'2023-11-16 20:34:01','2023-11-16 20:34:01'),(495,'Algum item 7',0,35,'2023-11-16 20:34:01','2023-11-16 20:34:01'),(496,'Algum item 8',0,35,'2023-11-16 20:34:01','2023-11-16 20:34:01'),(497,'Algum item 9',0,35,'2023-11-16 20:34:01','2023-11-16 20:34:01'),(498,'Algum item 10',0,35,'2023-11-16 20:34:01','2023-11-16 20:34:01'),(499,'Algum item 11',0,35,'2023-11-16 20:34:01','2023-11-16 20:34:01'),(500,'Algum item 12',0,35,'2023-11-16 20:34:01','2023-11-16 20:34:01'),(501,'Algum item 13',0,35,'2023-11-16 20:34:01','2023-11-16 20:34:01'),(502,'Algum item 14',0,35,'2023-11-16 20:34:01','2023-11-16 20:34:01'),(503,'Algum item 15',0,35,'2023-11-16 20:34:01','2023-11-16 20:34:01'),(504,'Algum item 16',0,35,'2023-11-16 20:34:01','2023-11-16 20:34:01'),(505,'Algum item 17',0,35,'2023-11-16 20:34:01','2023-11-16 20:34:01'),(506,'Algum item 18',0,35,'2023-11-16 20:34:01','2023-11-16 20:34:01'),(507,'Algum item 19',0,35,'2023-11-16 20:34:01','2023-11-16 20:34:01'),(508,'Algum item 20',0,35,'2023-11-16 20:34:01','2023-11-16 20:34:01'),(509,'Algum item 21',0,35,'2023-11-16 20:34:01','2023-11-16 20:34:01'),(510,'Algum item 22',0,35,'2023-11-16 20:34:01','2023-11-16 20:34:01'),(511,'Algum item 23',0,35,'2023-11-16 20:34:01','2023-11-16 20:34:01'),(512,'Algum item 24',0,35,'2023-11-16 20:34:01','2023-11-16 20:34:01'),(513,'Algum item 1',0,36,'2023-11-16 20:34:01','2023-11-16 20:34:01'),(514,'Algum item 2',0,36,'2023-11-16 20:34:01','2023-11-16 20:34:01'),(515,'Algum item 3',0,36,'2023-11-16 20:34:01','2023-11-16 20:34:01'),(516,'Algum item 4',0,36,'2023-11-16 20:34:01','2023-11-16 20:34:01'),(517,'Algum item 5',0,36,'2023-11-16 20:34:01','2023-11-16 20:34:01'),(518,'Algum item 6',0,36,'2023-11-16 20:34:01','2023-11-16 20:34:01'),(519,'Algum item 7',0,36,'2023-11-16 20:34:01','2023-11-16 20:34:01'),(520,'Algum item 8',0,36,'2023-11-16 20:34:01','2023-11-16 20:34:01'),(521,'Algum item 9',0,36,'2023-11-16 20:34:01','2023-11-16 20:34:01'),(522,'Algum item 10',0,36,'2023-11-16 20:34:01','2023-11-16 20:34:01'),(523,'Algum item 11',0,36,'2023-11-16 20:34:01','2023-11-16 20:34:01'),(524,'Algum item 12',0,36,'2023-11-16 20:34:01','2023-11-16 20:34:01'),(525,'Algum item 13',0,36,'2023-11-16 20:34:01','2023-11-16 20:34:01'),(526,'Algum item 14',0,36,'2023-11-16 20:34:01','2023-11-16 20:34:01'),(527,'Algum item 15',0,36,'2023-11-16 20:34:01','2023-11-16 20:34:01'),(528,'Algum item 16',0,36,'2023-11-16 20:34:01','2023-11-16 20:34:01'),(529,'Algum item 17',0,36,'2023-11-16 20:34:01','2023-11-16 20:34:01'),(530,'Algum item 18',0,36,'2023-11-16 20:34:01','2023-11-16 20:34:01'),(531,'Algum item 19',0,36,'2023-11-16 20:34:01','2023-11-16 20:34:01'),(532,'Algum item 20',0,36,'2023-11-16 20:34:01','2023-11-16 20:34:01'),(533,'Algum item 21',0,36,'2023-11-16 20:34:01','2023-11-16 20:34:01'),(534,'Algum item 22',0,36,'2023-11-16 20:34:01','2023-11-16 20:34:01'),(535,'Algum item 23',0,36,'2023-11-16 20:34:01','2023-11-16 20:34:01'),(536,'Algum item 24',0,36,'2023-11-16 20:34:01','2023-11-16 20:34:01'),(548,'wqedfsadfsdaf',0,17,'2023-11-16 22:40:12','2023-11-16 22:40:12'),(549,'wqedfsadfsdaf',0,17,'2023-11-16 22:40:12','2023-11-16 22:40:12'),(550,'wqedfsadfsdaf',0,17,'2023-11-16 22:40:12','2023-11-16 22:40:12'),(551,'wqedfsadfsdaf',0,17,'2023-11-16 22:40:12','2023-11-16 22:40:12'),(552,'asddasdas',0,17,'2023-11-16 22:40:19','2023-11-16 22:40:19'),(553,'asddasdas',0,17,'2023-11-16 22:40:19','2023-11-16 22:40:19'),(554,'asddasdas',0,17,'2023-11-16 22:40:20','2023-11-16 22:40:20'),(555,'asddasdas',0,17,'2023-11-16 22:40:20','2023-11-16 22:40:20'),(556,'asddasdas',0,17,'2023-11-16 22:40:20','2023-11-16 22:40:20');
/*!40000 ALTER TABLE `itens` ENABLE KEYS */;
UNLOCK TABLES;

--
-- Table structure for table `listas`
--

DROP TABLE IF EXISTS `listas`;
/*!40101 SET @saved_cs_client     = @@character_set_client */;
/*!50503 SET character_set_client = utf8mb4 */;
CREATE TABLE `listas` (
  `id` int NOT NULL AUTO_INCREMENT,
  `titulo` varchar(50) COLLATE utf8mb4_general_ci NOT NULL,
  `user_id` int NOT NULL,
  `created_at` timestamp NULL DEFAULT CURRENT_TIMESTAMP,
  `updated_at` timestamp NULL DEFAULT CURRENT_TIMESTAMP ON UPDATE CURRENT_TIMESTAMP,
  PRIMARY KEY (`id`),
  KEY `user_id` (`user_id`),
  CONSTRAINT `listas_ibfk_1` FOREIGN KEY (`user_id`) REFERENCES `users` (`id`)
) ENGINE=InnoDB AUTO_INCREMENT=37 DEFAULT CHARSET=utf8mb4 COLLATE=utf8mb4_general_ci;
/*!40101 SET character_set_client = @saved_cs_client */;

--
-- Dumping data for table `listas`
--

LOCK TABLES `listas` WRITE;
/*!40000 ALTER TABLE `listas` DISABLE KEYS */;
INSERT INTO `listas` VALUES (17,'Lista 1',6,'2023-11-16 20:27:37','2023-11-16 20:27:37'),(22,'Lista 6',6,'2023-11-16 20:27:37','2023-11-16 20:27:37'),(24,'Lista 8',6,'2023-11-16 20:27:37','2023-11-16 20:27:37'),(25,'Lista 9',6,'2023-11-16 20:27:37','2023-11-19 22:41:28'),(26,'Lista 10',6,'2023-11-16 20:27:37','2023-11-16 20:27:37'),(27,'Lista 11',6,'2023-11-16 20:27:37','2023-11-16 20:27:37'),(28,'Lista 12',6,'2023-11-16 20:27:37','2023-11-16 20:27:37'),(29,'Lista 13',6,'2023-11-16 20:27:37','2023-11-16 20:27:37'),(30,'Lista 14',6,'2023-11-16 20:27:37','2023-11-16 20:27:37'),(31,'Lista 15',6,'2023-11-16 20:27:37','2023-11-16 20:27:37'),(32,'Lista 16',6,'2023-11-16 20:27:37','2023-11-16 20:27:37'),(33,'Lista 17',6,'2023-11-16 20:27:37','2023-11-16 20:27:37'),(34,'Lista 18',6,'2023-11-16 20:27:37','2023-11-16 20:27:37'),(35,'Lista 19',6,'2023-11-16 20:27:37','2023-11-16 20:27:37'),(36,'Lista 20',6,'2023-11-16 20:27:37','2023-11-16 20:27:37');
/*!40000 ALTER TABLE `listas` ENABLE KEYS */;
UNLOCK TABLES;

--
-- Table structure for table `users`
--

DROP TABLE IF EXISTS `users`;
/*!40101 SET @saved_cs_client     = @@character_set_client */;
/*!50503 SET character_set_client = utf8mb4 */;
CREATE TABLE `users` (
  `id` int NOT NULL AUTO_INCREMENT,
  `nome` varchar(255) COLLATE utf8mb4_general_ci NOT NULL,
  `email` varchar(255) COLLATE utf8mb4_general_ci NOT NULL,
  `senha` varchar(400) COLLATE utf8mb4_general_ci NOT NULL,
  `created_at` timestamp NOT NULL DEFAULT CURRENT_TIMESTAMP,
  `updated_at` timestamp NOT NULL DEFAULT CURRENT_TIMESTAMP ON UPDATE CURRENT_TIMESTAMP,
  PRIMARY KEY (`id`)
) ENGINE=InnoDB AUTO_INCREMENT=7 DEFAULT CHARSET=utf8mb4 COLLATE=utf8mb4_general_ci;
/*!40101 SET character_set_client = @saved_cs_client */;

--
-- Dumping data for table `users`
--

LOCK TABLES `users` WRITE;
/*!40000 ALTER TABLE `users` DISABLE KEYS */;
INSERT INTO `users` VALUES (6,'Paulo Tacca','paulo@gmail.com','$2y$10$UP.Ulj5r4PebWcMx3cyZgeThH0KyssabEq.LhKd2zjhwz8Kh1iY3q','2023-11-16 20:23:04','2023-11-16 20:23:04');
/*!40000 ALTER TABLE `users` ENABLE KEYS */;
UNLOCK TABLES;
/*!40103 SET TIME_ZONE=@OLD_TIME_ZONE */;

/*!40101 SET SQL_MODE=@OLD_SQL_MODE */;
/*!40014 SET FOREIGN_KEY_CHECKS=@OLD_FOREIGN_KEY_CHECKS */;
/*!40014 SET UNIQUE_CHECKS=@OLD_UNIQUE_CHECKS */;
/*!40101 SET CHARACTER_SET_CLIENT=@OLD_CHARACTER_SET_CLIENT */;
/*!40101 SET CHARACTER_SET_RESULTS=@OLD_CHARACTER_SET_RESULTS */;
/*!40101 SET COLLATION_CONNECTION=@OLD_COLLATION_CONNECTION */;
/*!40111 SET SQL_NOTES=@OLD_SQL_NOTES */;

-- Dump completed on 2023-11-19 20:21:28
